가수원동고등과외	223ce9dcabb635a38d463fa8cc764e76cd87ad90247af2f90ad98abfec8b1e41	2315
가수원동고등수학과외	f688dc7ac50070cf15ac7bb92588255f08f2828079bfa0d682f729dd09acbd64	2217
가수원동고등영어과외	6f6383e0ece5aa97d2c649cb086bbe11f934f57d1d1cb26519713032ecd31e59	2692
가수원동과외	ab8df984440c935f2d28d659559ebfb74bd9947657cc084799b9b643f12545c4	3224
가수원동수학과외	1e97c9ae2811a0cb6a51f89b219c287bcbaa550a261b10cd9e753d1ed0d3dc4b	2606
가수원동영어과외	1450d08292b2e45580d5726a62c7d774415a9bc6060314a070dc54b2d82150b9	2220
가수원동중등과외	5d85ab680833c0a52360e268c0a2993863b9b7affcbddd060673d88be098e256	2282
가수원동중등수학과외	27a2397e3bff371c461ba0f18a47b7470d5ea612d7abb84288d62b817c0ef87c	2302
가수원동중등영어과외	26b9095119c21d4a79ce9139434d531a65baa75d9d6e79ca71440491f18ec7c6	2684
가수원동초등과외	f11857275a471e8e5ded62f8d21437eaf54fa5eb3d3e683c5f27ec4a6c0d1ac6	1738
가수원동초등수학과외	be6bda35c78713ba09d94aec296d4ddd84a8e4ee429a7885032d245a816e0776	2012
가수원동초등영어과외	a3f4cf84ac33a37dd62764a411fdb1227864d4667adf8542dfc7656b71066922	2299
가수원동학습전략가이드	f4547cb6360eb79c1728856e00f5190ea7b4eb3aa7af79e1a758c7f8f178c1f9	49
가양동고등과외	52da2023c8ee724e802ae27a0289f8ff2d1204b46254a979c7a8aa37243e461a	3115
가양동고등수학과외	60d779acfd6057a9b90d6a386c555b54f5f50b14593e94eb224cf19c93e38c1b	2296
가양동고등영어과외	8a1ea90b893b63ff24ee24ea56692071a9c5d00b98cf1fc86e005f407698a9fa	2591
가양동과외	b0055abd439a1602870969f91020c75a0c401be8cf081db08495ce3d31d4a5bf	3751
가양동수학과외	4ab0777293c63fb8d4c33be501c6707234ded53d78a66942cf88605e41a0712d	3167
가양동영어과외	3a462e09bc1dd1918461656c8dc16c4b8f414e076bca8ea668a0f0a3bf480128	3122
가양동중등과외	83385efdae18cd707dc1205a211050eac74587085ab69d568f3a637ee5c67e35	2320
가양동중등수학과외	c4f1a34ca670a590bdea856c7aa83837c6f11683c7f15d84c6e74a08da77a768	2179
가양동중등영어과외	3ce225d69c4c66fbe8c1aa4a688b2cecbded3b321305d043e3bc1a2ecabc2e20	2549
가양동초등과외	41398407b1e032cdeb5cb64db5833a805d4aa380aa9d6ac69ab91ccddaf28f12	2750
가양동초등수학과외	7c498466d1922b7d837b9c37b4db80284f564d6eff47cf0a397dc39f5f30e07b	1967
가양동초등영어과외	bd3acff668bb1f8339ee5213694874d496aae2cf7cf33c65ed1c62b77b2c79b5	2118
가양동학습전략가이드	fc91cf56e14a554e5eb60302c48b2aaa78be3f8e49e1a67a541eacddf064a8c2	48
가장동고등과외	d667e100ae1b8058dcbcc0275fac865a0083d892b60dcc462846d75010494e0d	1718
가장동고등수학과외	7f0077d2483fb79517631c3905b1686c6733669cc45d4b7163b74e9010e060e4	2162
가장동고등영어과외	71ca839732cc8945cbd437dbe339fddd92c936fd4e573448731ceeb2561c814d	2919
가장동과외	2d1dda1b9fb99d40bac74fa7983cb3bfc214ef9e4173c8c3cebc2aee1082112e	3432